id,customer_message,historical_response,intent,expected_resolution,should_escalate,escalation_reason
1,@VirginTrains no seats in 1st this morning! Disappointed with Virgin trains over the last few weeks. The 6:26 MKC&gt;EUS is always packed #poor,@207907 Sorry to hear this Paul. Did you reserve a seat?^BT,seat_reservation,Address the lack of available First Class seating and check whether the customer had a seat reservation; advise on seat reservation or available seating options.,y,"The customer reports recurring overcrowding and lack of First Class seating, and the available context does not confirm whether a seat was reserved."
2,@VirginTrains Hi there - I'm in standard class so I don't have access to wifi unless I pay for it which renders the beam app pointless? No worries.,@229116 Can you try forgetting the network in your settings and then connect to the network in your settings again? You won't need to actually log in to use Beam ^HP,wifi_connectivity,Explain how to connect to the onboard Wi-Fi/Beam service in standard class and clarify whether login or payment is actually required.,n,
3,Love travelling with @VirginTrains to Birmingham New Street. #Comfort #speed #service 👌,@495118 Good to hear. ^PA,other,Acknowledge the customer's positive feedback and thank them for their support.,n,
4,@VirginTrains There is a problem with the WiFi train manager has just announced and there trying to fix it #SwitchItOffAndBackOnAgain,"@128783 The Train Manager would be best to advise, Paul ^MM",wifi_connectivity,Acknowledge the Wi-Fi issue and advise the customer to follow the Train Manager's guidance while the onboard issue is being resolved.,n,
5,Well this is a first. I am actually on a train which has been cancelled while i am on it. What will become of us @VirginTrains ? https://t.co/JcrOGNV9yY,"@529884 Where are you right now, Mark? ^MW",train_status,Provide immediate guidance for the cancelled train and determine the customer's current location so appropriate alternative travel arrangements can be advised.,y,The customer is currently on a cancelled train and needs situation-specific assistance; their location and available alternatives must be determined before providing safe travel guidance.
6,@VirginTrains is there an issue with WiFi on the delayed 19.58 to Euston?,@301509 Not that we're aware of what issues are you having? ^PA,wifi_connectivity,Ask what Wi-Fi problem the customer is experiencing and provide appropriate troubleshooting or information about the onboard Wi-Fi service.,n,
7,@VirginTrains I have one email stating we are together one stating we are now https://t.co/K5F5UaWN3E,"@788137 Oh yes, that will mean they have been booked together by our team for you, just head to those booked seats on the attachment ^MW",seat_reservation,Confirm whether the passengers have been booked together and advise them to use the seats shown in their booking confirmation.,n,
8,"@VirginTrains @118101 No, the 2 or 3 staff on board seem busy making coffee or collecting tickets for me 2 bother them to be fair. Would you suggest I do?",@418786 @118101 2/2 this should connect you to the WiFi.If you are still experiencing problems our WiFi team can be reached on 03300881271^BT,wifi_connectivity,Provide Wi-Fi connection guidance and direct the customer to the Wi-Fi support team if the problem continues.,n,
9,@VirginTrains Manchester,"@789829 Wonder if he could be tempted, Pauline! :) ^HP",other,Acknowledge the message and ask the customer to provide more details about what help they need.,y,The message contains insufficient information to identify the customer's request or provide a reliable resolution.
10,What is a point of having a seat reservation when @VirginTrains cut their trains in half and your reservation doesn't exist anymore?,@324921 Which service are you referring to? ^MW,seat_reservation,"Check the affected service and explain what happened to the customer's seat reservation, then advise on available seating or alternative arrangements.",y,"The customer's seat reservation is affected by a train service change, and the specific service must be identified before the reservation or alternative seating can be confirmed."
11,@VirginTrains Yes I would please. This man made me feel undervalued and threatened,@736257 You can claim via https://t.co/tlnHK1vYuy ^PA,complaint_feedback,Acknowledge the customer's concern and provide the appropriate process for formally reporting the threatening or inappropriate staff interaction.,y,"The customer reports feeling threatened by another person, making this a potentially serious complaint that requires human review."
12,@VirginTrains @528627 I’m in the same position - do we need to change ticket or they will just accept our tickets for tonight? Thanks,"@528626 @528627 They will be accepted, Rebecca ^MW",ticket_change,Confirm that the existing ticket will be accepted for the journey and explain that no ticket change is required.,n,
13,"On a cold, delayed @VirginTrains train &amp; missing Thriller Live in London at 7.30 which I have already paid £35 for due to delays - my luck","@496740 Really sorry for that, this is due to emergency services dealing with an incident. ^PA",train_status,"Acknowledge the delay, explain the disruption, and provide information about the current train situation and expected arrival.",y,"The customer is experiencing a significant delay that has caused them to miss a paid event, and specific service information is needed to provide appropriate assistance."
14,Disappointed in my first ever @VirginTrains trip. 08.00 Gla - Euston block booking of over 20 seats but we’ve been challenged several times by others who think we are in their seats! #hassle,@424525 2/2 reserved seat? ^BT,seat_reservation,Confirm the seat reservations for the group booking and advise the customer how to verify or resolve the seat allocation issue.,y,"The large group booking has a seat allocation issue with repeated disputes, and the specific reservation details need to be verified before resolving it."
15,Thanks @VirginTrains for a lovely end to our honeymoon with the worst excuse for a train being delayed. We are waiting for a guard!,"@359358 Sorry to hear that, which service is that? ^PA",train_status,"Identify the affected train service, provide information about the delay and current situation, and advise the customer based on the available service information.",y,"The customer is currently affected by a train delay and the specific service must be identified to provide accurate, situation-specific assistance."
16,@VirginTrains Yes i had selected to allocate my seats and it didnt! Got to the station ans train is rammed packed,"@364212 Sorry to hear that. Hopefully as stations are called at, the seats will become available ^MW",seat_reservation,Check the customer's seat reservation and explain that the selected seat was not allocated; provide appropriate seating guidance or investigate the reservation issue.,y,"The customer is already at the station and the train is overcrowded, with their reserved seat not allocated, so the current journey requires immediate assistance."
17,@VirginTrains  https://t.co/CPCftAnnuo,"@321109 1/2 Thanks Paul and apologies for the delay. This service departed Glasgow late due to our crew being delayed I'm afraid,",other,The message does not contain enough information to determine the customer's request; ask the customer to provide more details.,y,"The customer message contains only a link, so there is insufficient information to identify the issue or provide a reliable response."
18,"Imagine booking a seat with a table and plug and getting a standard seat, cheers lads @VirginTrains","@324430 Sorry to hear that Ollie, our system usually assigns the next available seat if your request can't be fulfilled, apologies :(",seat_reservation,Check the customer's seat reservation and explain why the requested table and plug seat was not allocated; provide appropriate seating guidance.,y,"The customer did not receive the specifically requested seat features and is already describing the failed allocation, so the reservation should be checked."
19,@VirginTrains I requested a refund for £16.50 're tickets to Manc Airport to meet Monarch flight but only received £6.50. Seems very mean,"@357979 Hi Geoff. With all refunds a £10 admin fee is applied, therefore this would be the reason you would have only received £6.50. ^BT",refund_compensation,Explain the applicable refund or compensation process and provide the appropriate claim guidance.,n,
20,@VirginTrains Hi there. I've just booked a ticket from Brighton to Bournemouth (Ref 7TKKH866) but chose the wrong date. I needed 5th December but booked 12th December. Is there any way to cancel this or amend?,"@237443 Just speak to the Aftersales team on 0344 556 5650 and they can assist you further, Rachel ^MW",ticket_change,Explain whether the ticket can be changed and provide the appropriate ticket amendment process.,n,
21,"Top tip for using mobile tickets on @VirginTrains . You arrive at the station and the tickets have not downloaded, apparently its your problem. They won't refund, it is apparently your responsibility to be prepared!",@147641 The Aftersales Team would be best to advise further on 0344 556 5650 or via WebSupport LiveChat - https://t.co/PAMNyrwzCC ^MM,refund_compensation,"Review the mobile ticket failure and refund issue, then direct the customer to the Aftersales team for case-specific assistance.",y,"The customer reports that the mobile tickets failed to download and that a refund was not provided, requiring case-specific review of the ticket and refund."
22,@VirginTrains He told me the conversation was being recorded so I can prove that he was charging me that silly amount. So your telling me he made a mistake twice 1 by selling me the wrong ticket and 2 charging me a ridiculous high price for the right ticket?,"@708220 The Train Manager would have to retail the highest price return ticket so an Anytime return is the correct ticket, Cheryl ^MW",fare_price,"Review the ticket type and fare charged, explain whether the fare was correct, and investigate the reported ticketing error.",y,"The customer disputes a specific ticket sale and unusually high fare and alleges that the wrong ticket was sold, requiring transaction-specific review."
23,@VirginTrains yet another reserved window seat. And b4 you ask no isn’t a seat to move to. Feeling 🤢 again. Just like yesterday https://t.co/bZToK6fCbm,"@341720 Sorry for that, have you spoken to staff for assistance. ^PA",seat_reservation,"Check the customer's reserved seat and investigate why the window seat was not available, while providing immediate seating assistance for the current journey.",y,"The customer reports repeated failure of a reserved window seat and is experiencing the issue during the current journey, requiring staff assistance and investigation."
24,"@VirginTrains @120576 Nobody needs to ""look into it"" and I didn't ask you to. I have filed for compensation. I was making an observation about yet another journey from hell on a Virgin train. EC or whatever makes no difference to the traveller.","@135500 @120576 I see, sorry for the misunderstanding there Abby. ^PA",complaint_feedback,"Review the customer's compensation case and acknowledge the complaint about the poor journey, while avoiding unnecessary investigation since the customer has already filed for compensation.",y,"The customer has already filed for compensation but is also reporting a poor journey experience, so the case should be reviewed in the context of their existing compensation claim and complaint."
25,@VirginTrains Hiya - can I DM you about an amendment I have made to a booking? Not getting anywhere on the phone and need it resolved soon as poss. Thanks!,"@256528 I see, yes go ahead, Suzy? ^MW https://t.co/hhfk9c3ylv",ticket_change,"Review the booking amendment and duplicate tickets, then help the customer resolve the accidental order and explain the applicable refund process.",y,"The customer has ended up with duplicate tickets after attempting to amend a booking and cannot complete the refund process, so the booking and refund need case-specific review by Aftersales."
26,@VirginTrains when will dates and prices be out for September 2018 please,@299632 Weekdays 4 weeks in advance and 12 weeks for weekends. ^PA,fare_price,"Explain the applicable fare, price, or booking conditions.",n,
27,@VirginTrains I am really disappointed and surprised about the state of your first class lounge at London Kings X!,"@369033 Hi Gary, this would be a @120576 station. Therefore the team there may be able to help. ^BT",complaint_feedback,Acknowledge the concern and provide the appropriate complaint or feedback process.,n,
28,@VirginTrains Can I have the complaints contact?,@229851 Complaints can be escalated on https://t.co/uAT3XTWt1R  ^MM,complaint_feedback,Acknowledge the concern and provide the appropriate complaint or feedback process.,n,
29,"@VirginTrains So now I arrive in Blackpool Sth an hour late, and basically that’s my problem? V disappointing.","@295309 Really sorry about that, Alan, you will be entitled to Delay Repay by contacting us here: https://t.co/h3fakKSZLB ^HP",refund_compensation,Explain the applicable refund or compensation process and provide the appropriate claim guidance.,n,
30,@VirginTrains Anyone to discus a booking I've made. I've tried to amend it online and now ended up with two lots of tickets. I just booked them and don't have the actual printed tickets and it is saying I won't get money back for the accidental order until I post them. But I don't have them?!,"@794216 Ah ok Abigail, you'll need our Aftersales team on 0344 556 5650. Lines are open until 10pm and they should be able to assist further ^HP",ticket_change,"Review the booking amendment and duplicate tickets, then help the customer resolve the accidental order and explain the applicable refund process.",y,"The customer has ended up with duplicate tickets after attempting to amend a booking and cannot complete the refund process, so the booking and refund need case-specific review by Aftersales."
31,"@VirginTrains please help! I’ve booked a ticket on my app but for the wrong date, what can I do? #blondemoment","@142734 Oh no! The best thing to do is to call our Aftersales team on 03445565650. They'll be best placed to help you with this, Tony ^CB",ticket_change,Explain whether the ticket can be changed and provide the appropriate ticket amendment process.,n,
32,@VirginTrains I'm on the 12:33 London KX to Leeds. I have a seat now thanks but it was really embarrassing &amp; confusing! 🤦🏻‍♀️,"@383040 Oh no, glad you've been able to get one now. It sounds like you're on a @120576 service today, enjoy your journey 😊 ^HP",seat_reservation,Check the customer's seat reservation and provide appropriate seating guidance for the current journey.,y,"The customer experienced a problem with their seat during the current journey and the circumstances are unclear, so the seating situation should be checked."
33,@VirginTrains service to Crewe cancelled rerouted on #eastmidlandstrains so kind and helpful to help us figure out how to get home 😊👏,"@494733 Sorry for the delays, glad you are on your way home now. ^PA",train_status,Provide relevant information about the disrupted service and acknowledge the alternative travel arrangement.,n,
34,@VirginTrains hi we are booked on the 11:15 from manc to eust.  Can we go from man &gt; Leeds and then Leeds &gt; Stevenage,"@255953 HI Vix, this will be valid with your ticket as we have ticket acceptance in place with TPE and Virgin Trains East Coast. ^BT",ticket_change,Confirm whether the customer's existing ticket is valid for the proposed alternative route and explain any applicable ticket acceptance arrangements.,n,
35,@VirginTrains It says the train is no longer stopping at chester is this correct?,@429855 This service should be travelling to Chester but due to the disruption an early termination is possible ^CB,train_status,"Provide the relevant train status, disruption information, and appropriate travel guidance.",n,
36,Long trip on @VirginTrains today. Ridiculous they still charge (sweetly) for WiFi unlike @124107 free,"@355011 @124107 Hi, we are working towards offering a free Wi-Fi service in the near future ^HP",wifi_connectivity,Provide guidance about the onboard Wi-Fi service and explain the applicable Wi-Fi offering.,n,
37,". @VirginTrains, you're a disgrace. 10.58 from Preston that Edinburgh is delayed, missing several coaches, toilets stink, WiFi out. Can you get anything  right?","@650345 That's a @242596 service, Anastacia ^MW",train_status,"Provide immediate information about the delayed service and available travel assistance, while addressing the reported service issues and investigating the disruption.",y,"The customer is currently experiencing a significant service disruption involving a delay, missing coaches, poor facilities, and Wi-Fi failure, so the case requires immediate assistance and investigation."
38,"London to Birmingham via @VirginTrains 
Very good lounge at Euston, and i have some complimentary nuts! https://t.co/bMbFc5XE22","@357981 Nice! Have a great journey, Paul 😊  ^HP",station_facilities,Acknowledge the customer's positive feedback about the station lounge.,n,
39,@VirginTrains So what now?,@360924 2/2 further for you ^HP,other,Ask the customer to clarify what assistance they need because the message does not identify a specific request.,y,The customer has provided insufficient context to identify the issue or appropriate resolution.
40,@VirginTrains  Wifi so good it actually timed out while I was trying to pay for it this morning!,@122256 Sorry to hear this. Did you make the payment for the Wi-Fi? ^LC,wifi_connectivity,Provide guidance for connecting to or troubleshooting the onboard Wi-Fi service.,n,
41,"@VirginTrains Sorry for the late reply, I couldn’t connect! Nope still not improving 😞",@140889 2/2 able to reset the system for you ^HP,wifi_connectivity,Acknowledge the Wi-Fi connection problem and provide troubleshooting or reset assistance to restore the onboard Wi-Fi service.,n,
42,@VirginTrains competing with @120872 for poor service. Two hour delay at Doncaster.  Shocking!,"@637430 @120872 Hi Dean, it sounds like you may have been travelling with @120576 so we'll pass this over for you ^HP",train_status,"Provide current information about the delayed train and available travel assistance, while addressing the significant service disruption.",y,"The customer is experiencing a two-hour delay during their journey, requiring current service information and immediate assistance."
43,@VirginTrains His name's Alex!,"@690833 We will be sure to pass this on, Stephen. Thanks for letting us know. ^BT",other,Acknowledge the message because it does not contain a clear support request.,n,
44,@VirginTrains @67826 Newcastle,"@511130 @67826 Thanks Joseph, sounds like he would have been travelling with @120576 so we'll pass this to the team :)",other,Ask the customer to provide more information because the message does not contain enough context to identify the request.,y,The message contains only a location/name reference and insufficient information to determine the customer's request.
45,"@VirginTrains supposed to get 19:03 euston to birmingham new street, can I use my ticket for farnborough&gt;basingstoke&gt;new street?","@432797 No sorry Vicci, you wouldn't be able to use your ticket on this route. ^BT",ticket_change,Confirm whether the customer's existing ticket is valid for the proposed alternative route and explain the applicable ticket acceptance or route restrictions.,n,
46,@VirginTrains I don’t have a reference number as it was over the phone?,@132558 Who did you speak to? If you DM your email address we'll search that. ^PA https://t.co/hhfk9c3ylv,other,Review the customer's previous phone interaction and use the available identifying details to locate the case and provide the appropriate assistance.,y,"The customer has no reference number because the interaction was handled by phone, so the support team needs to identify and retrieve the case before resolving the issue."
47,"#BadTrainDay :

7.44am @232537 Essex Road service cancled. 

8.23am @VirginTrains Euston - Birmingham: arrived 45minuites late. 

5.12pm @121428  Birmingham - Plymouth: arrived an hour late.

These journeys cost £215; is this acceptable @145773 Chris Grayling?","@275910 @232537 @121428 @145773 If you were delayed longer than 30 minutes on our service, please apply for delay repay here https://t.co/v2F1XYIfEP ^BT",refund_compensation,Review the customer's multiple delayed journeys and determine the appropriate Delay Repay compensation for the affected services.,y,"The customer reports multiple delayed journeys and is seeking compensation for several trips, so the individual journeys and compensation eligibility need to be reviewed."
48,@VirginTrains VT-061117-9279,@515860 Can you please DM us so we can discuss it. ^PA,other,Ask the customer to provide more information because the reference number alone does not identify the request.,y,"The customer has provided only a reference number, so the underlying issue cannot be determined without retrieving the associated case."
49,@VirginTrains It is yes,@232534 This should be OK providing your service isn't cancelled ^MM,other,The message is incomplete and does not provide enough context to determine the customer's request; ask the customer to clarify what they need assistance with.,y,The customer message is too incomplete to identify the issue or provide a reliable response without additional context.
50,@VirginTrains extremely disappointed in the poor management of our journey. Can you please arrange for someone to contact me to discuss further? #complaint,@677658 If you wish to make a complaint regarding this please get in touch through our website: https://t.co/g5NNE2E7zA ^CB,complaint_feedback,Review the customer's complaint about the poor management of their journey and arrange appropriate follow-up through the complaints process.,y,"The customer has explicitly requested contact to discuss a complaint about their journey, so the case requires follow-up by the appropriate support or complaints team."
51,@VirginTrains “Should”???,@292418 Yes @120576 have ticket acceptance so not sure why you're being refused. ^PA,other,Ask the customer to provide clarification because the message is too short to identify the support request.,y,The customer has provided insufficient context to determine the issue or appropriate resolution.
52,"@VirginTrains @55766 Moving rtn tckts from 18th to 26th  Oct, got as far as the payment screen and it lost connection. Do you have internet issues right now?","@433505 @55766 I see, try speaking to the Aftersales team on 0344 556 5650 and they can try and assist you, Fiona ^MW",ticket_change,Review the customer's request to change the return ticket dates and help complete the amendment after the payment-stage connection failure.,y,"The customer was unable to complete a ticket amendment because the connection failed during payment, so the booking needs case-specific assistance from Aftersales."
53,"Big shout out to @VirginTrains, automatic refund for late train, top class customer service 👏👏👏","@444731 Love that, hopefully you're not delayed again though Ken ^MW",refund_compensation,Acknowledge the customer's positive feedback about the automatic refund for the delayed train.,n,
54,"@VirginTrains hi, am I allowed to travel on an earlier train with my advance-reserved seat ticket? Thank u. 😀","@416028 Afraid not, you would need to travel on the booked service only ^MW",ticket_change,Explain whether the customer's advance-reserved ticket can be used on an earlier train and clarify the applicable travel restrictions.,n,
55,"Thanks @VirginTrains for a smooth in app refund process, I booked the wrong destination by accident :-) https://t.co/nz7IolZ2Do","@786604 Great to hear, Taylor :) ^LC",refund_compensation,Acknowledge the customer's positive feedback about the in-app refund process.,n,
56,"@VirginTrains and now you cancel the 1935 because you don’t have train crew? Shocking day, terrible service, beyond embarrassing","@499554 Apologies, this is a residual effect of the line closures earlier this evening. You will be able to claim 1/2",train_status,"Provide immediate information about the cancelled service, available alternative travel arrangements, and applicable compensation guidance.",y,"The customer's train has been cancelled due to a crew issue and they are experiencing an active travel disruption, requiring immediate assistance and guidance."
57,"@VirginTrains We boarded at Wakefield on the 10.47 service to Edinburgh, there was barely enough space in the vestibule, let alone available seating",@367332 This is one for our friends at @120576 to help with. ^PA,seat_reservation,"Provide immediate assistance with the lack of available seating and overcrowding on the current service, and check the customer's seating situation.",y,"The customer is currently on an overcrowded service with insufficient space and seating, requiring immediate assistance during the journey."
58,@VirginTrains wrong tickets printed despite proof of purchase. 2 extremely unhelpful virgin staff Jan &amp; Leyla. I need some help! 🙏😬☹️ https://t.co/doMAh4lBDa,"@368780 Hi Richard, where did you purchase your tickets please? ^HP",ticket_change,"Review the customer's ticket purchase and the incorrectly printed tickets, then help resolve the ticketing issue and provide appropriate assistance.",y,"The customer reports that the wrong tickets were printed despite proof of purchase and has already had difficulty getting help from staff, so the specific ticketing case requires investigation."
59,@VirginTrains Hi - tickets just now booked. Euston - Glasgow return.,"@295329 Thanks Laura, can you DM us your booking reference number please? ^HP https://t.co/hhfk9c3ylv",booking_ticket,Provide guidance or confirmation regarding the customer's newly booked ticket.,n,
60,@VirginTrains He's not been through. Just leaving Motherwell so will be in Glc shortly. Think I've lost a couple of stone 😂,@670019 That's not good to hear Martyn ^RD,other,Acknowledge the message because it does not contain a clear support request.,n,
61,"@VirginTrains if I’m travelling Preston &gt; LONDON today , will thee be major issues due to yesterday’s flood sand Birmingham line block ?",@120857 Services are running but delays are expected due to last night's disruption and a points failure at Preston. Live updates are being posted on our website: https://t.co/D5qYT1yTG9 ^CB,train_status,"Provide the relevant train status, disruption information, and appropriate travel guidance.",n,
62,@VirginTrains Isn’t that everyday?,@153902 Yes but don't tell anyone else 😉 ^MW,other,Acknowledge the conversational message because it does not contain a support request.,n,
63,"@VirginTrains in the first class lounge at Euston, very nice! Flapjacks are 👍👍😀","@748116 Brilliant to hear Stephen, did you save me one? ^MW",station_facilities,Acknowledge the customer's positive feedback about the first-class lounge.,n,
64,"@VirginTrains No, my meeting finished early so I travelled to Rugby with LM and then boarded the V train from Rugby","@139120 2/2 to a delay, but in cases of choosing to take another service, then you would need another ticket ^HP",ticket_change,Explain whether the customer's ticket is valid after changing services and clarify the applicable ticket requirements when choosing an alternative service.,n,
65,Hi @VirginTrains I connect to 'virgintraibswifi' and nothing happens...?,@766404 Could you try https://t.co/1JEOSVPtGN ^LC,wifi_connectivity,Provide guidance for connecting to or troubleshooting the onboard Wi-Fi service.,n,
66,@VirginTrains The only ones that are here are to Blackpool. Why have they been prioritised when there are hundreds of people queuing on platforms trying to get out of the station to go to Lancaster and further north?,@273457 They may be still en route but have been ordered ^MW,train_status,Explain the current service disruption and why services toward Blackpool have been prioritised. Check the available services toward Lancaster and further north and provide appropriate alternative travel guidance.,y,"The customer is experiencing an active station disruption with large numbers of passengers waiting for services toward Lancaster and further north, so the current service situation requires human review."
67,@VirginTrains @503911 Thank you. Im actually trying to plan whether I will be able to get my next train as I have to be at Three Bridges for 530pm 😊,"@503912 @503911 1/2 Ah I see what you mean Karl, really sorry for the delay. If you do miss your connection, then please speak",train_status,"Provide the current delay and connection information so the customer can determine whether they will catch the next train to Three Bridges. If the connection is likely to be missed, provide appropriate alternative guidance.",y,"The customer is relying on the current service information to make a time-sensitive connection, so the live journey situation should be checked by a human."
68,@VirginTrains Did YOU know you can collect tickets from any station? Not necessarily your nominated one!!! I guess you didn't! #virgintrains,@524337 2/2 save you travelling to another station. Glad they have helped out though 😃 ^BT,booking_ticket,"Provide guidance about booking, tickets, or ticket validity.",n,
69,@VirginTrains I was delayed 2 hrs on 5th Nov. Used app for tickets but didn’t get automatic refund as website states. After 1 week so submitted online form and still not heard anything. When will I get a refund?,@770996 It can take the team up to 28 days to issue a full response although they do aim to respond with 14 days were possible ^MM,refund_compensation,Provide an update on the customer's delayed-travel refund/compensation claim and check the status of the online form submission. Explain the expected processing timeline and next steps.,y,"The customer has already submitted a refund claim and is still waiting for a response, so the specific case status needs to be checked by a human."
70,"@VirginTrains hello, what are the unreserved coaches on the 11.23 London Euston to Birmingham new st please?",@281218 Coach C will be unreserved on that service ^CB,seat_reservation,Provide guidance about seat reservations or investigate the seating issue.,n,
71,Really disappointing @VirginTrains complaint responce! Despite they breached their health and safety rule! #UnhappyCustomer,@232962 2/2 from our Customer Resolutions team and detail that you wish to escalate this ^HP,complaint_feedback,Provide the appropriate complaint escalation process and review the reported health and safety breach. Ensure the customer's complaint is passed to the relevant team for investigation.,y,"The customer reports a potential health and safety rule breach, which is a serious issue requiring human investigation and escalation."
72,@VirginTrains  https://t.co/6qcfQQWAjV,@733410 Would that be one of yours @120576? ^MW,other,The message does not provide enough information for a specific support intent; request clarification.,y,The message is too short or ambiguous to determine the customer's request.
73,@VirginTrains Online. I was booking online so I did a refund then a new date. Change date said £10 as well,@429046 If you have this issue again you can call our Aftersales team who can rectify this without a charge. ^BT,ticket_change,"Explain the ticket date-change process and the applicable change fee, and advise the customer to contact the Aftersales team if the fee appears incorrect or the change needs to be rectified.",n,
74,@VirginTrains @122649 1013 from milton keynes to glasgow,@604986 @122649 You will need to contact __email__ with regard to any problems you encountered ^RD,other,The message does not contain enough information to determine the customer's request. Ask the customer to explain what they need help with regarding the 10:13 Milton Keynes to Glasgow service.,y,"The customer has provided only a journey detail without stating a question or support issue, so clarification or human review is required."
75,@VirginTrains - travelling to Coventry tomorrow (Sunday) morning - will tickets be accepted by other operators? Eg via Marylebone,"@250614 They will indeed, Ian ^MW",ticket_change,"Confirm whether the customer's existing ticket will be accepted on alternative operators or routes for the journey to Coventry, including the route via Marylebone.",n,
76,@VirginTrains Yay! Resurrection! https://t.co/MJgCRlh6i9,@584162 🙌🏻 Great stuff! What a relief ^CB,other,The message does not provide enough information for a specific support intent; request clarification.,n,
77,@VirginTrains 05.56 WBQ to EUS,"@301043 Thank you Lindsay, can you confirm what coach you are travelling in? &amp; we'll let our maintenance team know 
^JH",other,The message does not contain enough information to determine the customer's support request. Ask the customer to explain what issue they are experiencing with the 05:56 WBQ to EUS service.,y,"The customer has only provided journey details without describing a question or problem, so the actual support issue cannot be determined without clarification."
78,@VirginTrains When will Advance Tckts 28 Dec Liverpool to London be available? Need to reserve seats Disabled Railcard.,"@321718 Hi Lynn, Advance fares for 28th December are now open 😊  ^HP",fare_price,Explain when Advance fares for the requested Liverpool to London journey become available and provide any relevant information about booking with a Disabled Railcard.,n,
79,@VirginTrains you make me pay £5 to use your WiFi but it’s slower than dial up broadband 😒 come on virgin!,"@140889 Hi Sophie, apologies, can you try forgetting the network in your settings, reconnect &amp; follow https://t.co/1JEOSVPtGN ^HP",wifi_connectivity,Provide Wi-Fi information or troubleshooting guidance.,n,
80,"@virgintrains thanks a bunch once again for your appalling service. Have to wait at least 20 minutes in shitty Birmingham until my next train home. How's about do track inspections during the daytime, where shock horror, people aren't commuting back from work 🙄","@234351 We apologise for your delay this evening. Track safety inspections are carried out if there are reports of a track fault, to ensure services can continue to run safely for our passengers. Unfortunately this cannot be helped ^HP",train_status,"Provide information about the current delay and service disruption, explain the reason for the track inspection, and give the customer appropriate guidance for their onward journey.",y,"The customer is experiencing an active service disruption and is waiting for a connecting train, so the current operational situation requires human review."
81,"@VirginTrains My refund request number is 17RSZ44X9E I requested an amendment to my ticket, I just changed the time from 17.49 to 20.05 on 27th Nov. New ticket already purchased. Old 17.49 no longer needed hence the amend request",@140919 As this is an Aftersales reference you would need to speak with the team there. They can be contacted on 0344 556 5650 or by Live Chat here https://t.co/PAMNyrwzCC ^BT,ticket_change,Review the customer's ticket amendment request and confirm the status of the change from 17:49 to 20:05 on 27th November. Check the associated refund or amendment case and provide the appropriate next steps.,y,"The customer has an existing Aftersales/amendment reference and has already purchased a replacement ticket, so the specific booking and refund status needs to be reviewed by a human."
82,"@VirginTrains I paid for a train that I never got on. Please, is there a way I can claim the money back? It cost me a lot.","@694674 If you have abandoned travel altogether, you can get a refund from point of purchase. ^BT",refund_compensation,"Explain that if the customer has abandoned the journey, they can request a refund from the original point of purchase and provide the appropriate refund steps.",n,
83,"En route to Glasgow with @VirginTrains for the @91209 Cup draw ⚽️
Representing @673647 the champions of Wales 🏴󠁧󠁢󠁷󠁬󠁳󠁿
Service is great, can’t believe how personal it is. Virgin have even put up a message just for me in the toilet 🤗 https://t.co/WeGBuhKsTK",@673646 @91209 @673647 Have a great journey Stewart. ^PA,other,The message does not provide enough information for a specific support intent; request clarification.,n,
84,@VirginTrains 17.56 Crewe- Euston,@435081 I'm afraid this service doesn't have the availability for films/shows at the moment ^LC,other,The message does not provide enough information for a specific support intent; request clarification.,n,
85,@VirginTrains Yes well there was a mix up and I have now had to pay again and I missed my train. Your representatives were very unhelpful.,@368780 Sorry to hear that. Our Customer Resolutions team will be able to look into this further for you ^HP,complaint_feedback,"Review the customer's ticket and payment issue, including the duplicate payment and missed train, and investigate the complaint about the representatives' assistance. Provide the appropriate resolution through Customer Resolutions.",y,"The customer reports a payment/ticket mix-up, missed their train, and received unhelpful assistance from representatives, so the case requires investigation by the Customer Resolutions team."
86,@VirginTrains I have feedback about 1 of your employees -need email address to send it to which will actually b read not automated response,@435707 Hi Josie. If this is a complaint you can feed this back here https://t.co/Vz92KWu28V ^BT,complaint_feedback,Provide the appropriate contact or complaint channel where the customer can submit feedback about the employee and ensure the feedback can be reviewed by the relevant team.,n,
87,@VirginTrains There has been no info at the station. My ticket will be accepted on other trains right?,"@140484 Apologies Joseph, which station are you at? And yes, we have ticket acceptance in place with other operators ^HP",ticket_change,"Confirm whether the customer's existing ticket will be accepted on other trains or operators during the disruption, and ask for their current station if needed to provide the correct service guidance.",n,
88,@VirginTrains MCR - BHM,@124494 Manchester Piccadilly? ^LC,other,The message only provides a route abbreviation and does not contain a clear question or support request. Ask the customer to provide more details about what assistance they need.,y,"The customer's message is too incomplete to determine the intended support issue, so clarification is required before the request can be handled."
89,@VirginTrains So disappointed the seat sale doesn't apply to Sat 23rd Dec the one day we had hoped to visit relations in London,"@284516 Sorry Pauline, we don't have seat sale tickets on this date due to potential engineering works. ^BT",fare_price,Explain why the seat sale or discounted fares are unavailable for Saturday 23rd December and provide any relevant information about ticket availability for that date.,n,
90,@VirginTrains 1535 from Kings Cross to Leeds via Doncaster. Disgraceful to say it was ‘1st class’,"@790165 I see, we'll make @120576 aware of this for you ^MW",complaint_feedback,Review the customer's complaint about the quality of the First Class service on the 15:35 Kings Cross to Leeds service via Doncaster and pass the feedback to the relevant team for investigation.,y,"The customer is explicitly dissatisfied with the First Class service they received, so the service complaint should be reviewed by the relevant team."
91,@VirginTrains 03445565650,"@149110 Apologies Lydia, this is our Aftersales number. Lines are open until 10pm, however, you can reach the team via Live Chat if this helps: https://t.co/PAMNyrwzCC ^HP",other,The message does not provide enough information for a specific support intent; request clarification.,y,The message is too short or ambiguous to determine the customer's request.
92,@VirginTrains was very disappointed with lack of food 1st class this weekend. Only sandwich offered was cheese to a vegan?what happened?,"@295320 1/2 Hi Risa, food onboard can be subject to availability I'm afraid, apologies for the inconvenience caused. We do offer a reduced",complaint_feedback,"Acknowledge the complaint about the lack of suitable First Class food options, explain that onboard food is subject to availability, and provide any available information about suitable meal options for vegan passengers.",n,
93,"@VirginTrains Did that. Seem to every time I go through this painful ordeal onboard. Speed is 0.4mb download. Can’t even do email, let alone documents. £5? Joke. Get better WiFi on buses &amp; it’s free.","@639095 1/2 Apologies Steve, you can claim a refund by contacting __email__. We are working towards offering Wi-Fi",wifi_connectivity,Provide Wi-Fi information or troubleshooting guidance.,n,
94,"@VirginTrains Delay up to 49 minutes, 58 minute travel time. It could still go each way on what is longer. Place your bets.",@243043 Sorry for the delays today Timothy. This is due to damage on the overhead wires between Euston and Watford. ^BT,train_status,"Provide the current delay and service disruption information, including the cause of the delay, and give the customer appropriate guidance about their journey.",y,"The customer is experiencing an active delay, so the current operational situation may require human review."
95,@VirginTrains Being ignored by your East Coast Twitter team isn’t helpful at all! Sent a few messages and DM’s no reply!,@334201 Is it East Coast you're trying to reach? ^LC,complaint_feedback,Acknowledge the customer's complaint about not receiving a response from the East Coast Twitter support team and ensure the issue is directed to the appropriate support team for follow-up.,y,"The customer has already sent multiple messages and direct messages without receiving a response, so the unresolved support request requires human follow-up."
96,@VirginTrains It's not good saying sorry. Why isn't your train manager ensuring that people are not in the aisles? This is a massive health and safety risk and not a single staff member has bothered to walk through the train.,"@213757 Our trains are designed to have standing passengers. If however, you wish to write in, you can via https://t.co/t20UbyOCSn ^PA",complaint_feedback,Acknowledge the customer's complaint about overcrowding in the aisles and the reported health and safety risk. Escalate the concern to the appropriate team so the situation and staff response can be investigated.,y,"The customer reports a potential health and safety risk involving overcrowding and lack of staff intervention, so the situation requires human investigation."
97,@VirginTrains pt3 all this after I waited to get on a train which had 1st class seat available as the one before the 16:50 was full!,@435085 Let these guys have your feedback &gt; https://t.co/t20UbyOCSn ^OL,complaint_feedback,"Acknowledge the customer's complaint about the First Class seating and waiting for the later service, and direct the feedback to the appropriate customer service team for review.",n,
98,@VirginTrains so not only complained yesterday but got back on virgin first class and they got our renewed seats wrong!!! Are you kidding,"@336080 Sorry to hear that, which service is it and have you managed to get seats? ^PA",seat_reservation,"Check the customer's seat reservation on the relevant service, confirm why the renewed seats were allocated incorrectly, and provide appropriate seating guidance or an alternative if necessary.",y,"The customer is currently experiencing a seating allocation problem after already raising a previous complaint, so the specific reservation and available seating need to be checked by a human."
99,@VirginTrains how about downloading the ticket reservations before everyone sits down? Just once.  Or go back to actual tickets on seats?,"@359941 This is usually done Stuart, there may have been an issue with the system if it wasn't done. ^PA",seat_reservation,Provide guidance about seat reservations or investigate the seating issue.,n,
100,@VirginTrains - bought a ticket. Can’t see it on the app. Was told to buy another ticket and get a refund. Ridiculous!! Make it easy.,@430070 Sorry to hear you've had problems with your ticket. Please get in touch so we can look in to this: https://t.co/6CQvcjqVwG ^CB,ticket_change,Review the customer's original ticket and the issue preventing it from appearing in the app. Check the advice to purchase another ticket and confirm the appropriate refund and ticket-resolution process.,y,"The customer has already purchased another ticket because the original was not visible in the app, so the specific ticket and refund situation requires human investigation."
101,"@VirginTrains I have, I am not an idiot.  Do not treat me like one.  Wifi is poor at best.  How do I get a refund?  Even these tweets have to be resent","@589427 I wasn't, I was trying to help Ken. You can claim via __email__ ^PA",wifi_connectivity,Provide Wi-Fi information or troubleshooting guidance.,n,
102,@VirginTrains what is your policy for a traveller with lost tickets when confirmation and payment card are available as proof of purchase?,"@336726 Tickets will need to be with you when travelling or a new ticket will need to be purchased, Denise ^MW",booking_ticket,"Provide guidance about booking, tickets, or ticket validity.",n,
103,Very tacky of @VirginTrains to repurpose audio announcements of it's disabled toilets for advertising. This is an accessibility feature to help those with a broad range of disabilities. Might as well paint the seat backs yellow and stick Ryanair on the side of the train!,"@816441 We'll pass on your comments, Christopher ^CB",complaint_feedback,Acknowledge the customer's accessibility complaint about repurposing audio announcements for disabled toilets as advertising and pass the feedback to the appropriate team for review.,y,"The customer is reporting a concern involving accessibility features for disabled passengers, so the complaint requires human review."
104,@VirginTrains Yeah erm. On the post request when you submit the wifi code. Whats the key value? (E.g. in get ?key=value),"@366044 The WiFi team would be best to advise on this, Sam. They can be contacted on 0330 088 1271 ^MM https://t.co/2sK6DQlGh7",wifi_connectivity,Provide Wi-Fi information or troubleshooting guidance.,n,
105,Hey @VirginTrains with delay repay can I get the money back as vouchers or does it have to go against a card? Thanks,"@319283 When you submitted the form, it would have asked how you would want to be refunded and gave you options for this. ^BT",refund_compensation,Explain the applicable refund or compensation process and relevant next steps.,n,
106,@VirginTrains Where? https://t.co/Ls0qazhyBr,"@334645 Is that the @120576 app, Timothy? ^MW",other,The message does not provide enough information for a specific support intent; request clarification.,y,The message is too short or ambiguous to determine the customer's request.
107,@VirginTrains The cheapest available tickets so advance I suppose. Total rip off to sit on a seat. Will never use virgin trains again!,"@724842 Sorry to hear that, pleas be sure to find our best fares here - https://t.co/w81DEcy3Xw ^MW",fare_price,"Provide information about the cheapest available fares and how the customer can find the best-priced tickets, including Advance fares where applicable.",n,
108,"@VirginTrains please can you advise when  there will next be a Manchester Piccadilly train ours has been delayed , thanks",@300747 They are all delayed due to earlier delays I'm afraid Amanda. ^PA,train_status,"Provide the current status and expected timing of the next Manchester Piccadilly train, including the reason for the delay and any appropriate alternative travel guidance.",y,"The customer's journey is currently affected by a delay and they need current service information to plan their travel, so the operational situation requires human review."
109,"Thanks @VirginTrains for your utterly useless phone line, what's the point in having a number if no one ever answers!! Twice I've called now and left messages with no response, should I bother with a third?","@149112 Is there anything I can help you with, Sarah? ^CB",complaint_feedback,Acknowledge the customer's complaint about the unanswered phone calls and ensure the unresolved support request is directed to the appropriate team for follow-up.,y,"The customer has already called twice and left messages without receiving a response, so the unresolved support issue requires human follow-up."
110,@VirginTrains 0652 Edinburgh to Euston via brum. Staff member in question called parisa,@423151 Thanks Adrian. We will be sure to pass this information on. And again please accept our apologies for this. ^BT,other,The message provides journey and staff details but does not state the actual support request or issue. Ask the customer to provide more information about what happened and what assistance they need.,y,"The customer's message is incomplete and appears to relate to a specific staff-related case, so the missing context should be clarified and reviewed by a human."
111,@VirginTrains I’ve screamed at the computer!,@116421 Oh dear ^JH,other,The message does not provide enough information for a specific support intent; request clarification.,n,
112,@VirginTrains Are you planning on upgrading your internet any time soon on board?,@264788 We are working to improve our onboard WiFi but there's no timeframe at this stage ^CB,wifi_connectivity,Provide Wi-Fi information or troubleshooting guidance.,n,
113,@VirginTrains Complaint. On the 12:52 train to Edinburgh. Unable to get to my seat as the whole train has been ludicrously overbooked! https://t.co/PcWGmh8kDT,"@753776 We'll make @120576 aware of this for you, Matthew ^MW",seat_reservation,"Investigate the customer's seat-access problem on the 12:52 train to Edinburgh, including the reported severe overcrowding that is preventing access to their seat, and provide appropriate assistance.",y,"The customer is currently on an extremely overcrowded service and cannot reach their seat, creating a serious active journey issue that requires human review."
114,@VirginTrains Night Joel,@116421 Night Becky ^JH,other,The message is a casual conversational message with no customer support request or issue requiring action.,n,
115,@VirginTrains I have paid for a first class ticket from Manchester to London (13:40) and the first class has been declassified due cancellations of previous trains. Would I get a refund as the first class is now overcrowded and everyone can use it without having paid for it.,"@244810 Sorry to hear about your experience while travelling with us, this can be escalated further with Customer Relations via the online complaints link - https://t.co/t20UbyOCSn ^MM",refund_compensation,Review the customer's First Class ticket and determine whether they are eligible for a refund or compensation because the First Class accommodation was declassified and overcrowded due to cancellations.,y,"The customer has paid specifically for First Class but is unable to receive the expected service because of a disruption, so their individual refund or compensation eligibility requires human review."
116,"@VirginTrains We can’t afford to get back, we got the wrong tickets and will be stranded in London if we can’t change 😩","@637517 Please contact our Aftersales team on 0344 556 5650 and they should be able to assist your further with this, Camilla ^HP",ticket_change,"Help the customer amend or correct the incorrectly purchased tickets so they can travel back from London, and direct them to the Aftersales team for assistance if the booking cannot be changed directly.",y,"The customer has the wrong tickets and may be stranded if they cannot change them, so the specific booking needs human assistance."
117,@VirginTrains please check your DMs,@753441 We are 😃 ^MW,other,The message does not provide enough information for a specific support intent; request clarification.,n,
118,@VirginTrains hi I’ll be on the delayed 17.51 train from Carlisle to London - is there unreserved seats somewhere? Thanks,@697292 Coaches U and F should be unreserved ^MW,seat_reservation,Provide guidance about seat reservations or investigate the seating issue.,n,
119,Booked @VirginTrains first class ticket but no food/drink service on outward and no reservations so not even a seat on return - how do I claim compensation please?,"@246619 Sorry to hear about your experience while travelling with us, this can be escalated further with Customer Relations via the online complaints link - https://t.co/t20UbyOCSn ^MM",refund_compensation,Review the customer's First Class journey and determine the appropriate compensation or refund for the missing food and drink service and the lack of a reserved seat. Provide the appropriate Customer Relations process for making the claim.,y,"The customer paid for First Class but did not receive key expected services and is requesting compensation, so the individual case and eligibility need to be reviewed by Customer Relations."
120,@VirginTrains How are you?,"@150400 All good thanks, Ethan, yourself? ^HP",other,The message does not provide enough information for a specific support intent; request clarification.,n,
121,@VirginTrains No...,@350269 This should be the case. Please speak to onboard staff regarding this ^LC,other,The message does not provide enough information for a specific support intent; request clarification.,y,The message is too short or ambiguous to determine the customer's request.
122,@VirginTrains @121428 Thanks Joel,@116421 @121428 No worries Becky ^JH,other,The message does not provide enough information for a specific support intent; request clarification.,n,
123,@VirginTrains 8am one from Euston,@784121 There's an onboard shop in Coach C ^CB,other,The message does not provide enough information for a specific support intent; request clarification.,n,
124,@VirginTrains And that’s all? Amazing.,"@308115 If you wish to escalate this further Selina, then you can submit a complaint here: https://t.co/qpTSvKVNgA ^HP",complaint_feedback,Acknowledge the customer's dissatisfaction and provide the appropriate complaint or feedback channel if they wish to escalate their concern further.,n,
125,@VirginTrains I explained I had not printed the tickets and just wanted to change date but that seemed an impossible task..,"@173426 I see, it would be impossible to do, Kimberley. The team would have to charge that amount to change your tickets ^MW",ticket_change,"Explain the ticket date-change process and the applicable charge for changing the travel date, and advise the customer on how to make the amendment.",n,
126,"@267531 @VirginTrains @120244 @LondonMidland Well... come to think of it, I *did* buy an extra ticket from Shrewsbury to Stafford to catch my Virgin train this morning, as I needed to get an earlier London Midland train, as my Arriva train was showing as delayed! And *that* cost me an extra £16.10!","@263723 @267531 @120244 @LondonMidland If you were delayed over 30 minutes and wish to claim delay repay, you can do so here, Ruth https://t.co/v2F1XYIfEP Again, we're sorry you were delayed. ^BT",refund_compensation,"Explain that if the customer was delayed over 30 minutes, they can claim Delay Repay compensation and provide the appropriate claim process, including guidance on the additional travel cost if applicable.",n,
127,@VirginTrains what is your best priced return ticket for today Carlisle to Glasgow?,@716362 There are still some Advance fares available so it can be done for £34.50: https://t.co/zDHNvx68L6 ^CB,fare_price,"Explain the relevant fare, pricing, or ticket-release information.",n,
128,"@VirginTrains Hi as my 18:15 from Piccadilly is cancelled, will the 18:35 run or is there ticket acceptance on pls e? Thanks","@296865 Your ticket will be accepted on the next available service, Nicky ^MM",train_status,"Provide current train status, disruption information, or appropriate alternative travel guidance.",y,The issue may require case-specific or current operational investigation.
129,@VirginTrains my requested seats haven’t been given on my booking how do i change them what I requested ?,"@306724 Hi Izzy, sorry to hear that. It may be that these seats weren't available. Which service are you booked to travel on please?",seat_reservation,"Check the customer's booking and requested seat allocation, confirm why the requested seats were not assigned, and provide available alternatives or guidance for changing the seating arrangement.",y,"The customer has a specific seat-allocation problem on an existing booking, so the booking and available seats need to be checked by a human."
130,@VirginTrains poor service wanted £100 to stay on a service which was 10 mins before my book train. The train was empty. #CustomerService,"@623180 Hi Stewart, which service were you travelling on? And what type of ticket did you have? ^HP",ticket_change,Review the customer's ticket type and the £100 charge requested to travel on the earlier 10-minute service. Explain why the earlier train was not permitted and whether any alternative or refund is available.,y,"The customer is disputing a specific charge related to using an earlier service, and the correct resolution depends on their ticket type and booking details, so human review is required."
131,"@VirginTrains absolutely hopeless manager on the 7:30pm London-Glasgow train! Not announcing stops, no updates at all!","@438102 Not great to hear, Ekaterina, where are you travelling to? ^HP",complaint_feedback,"Acknowledge the customer's complaint about the manager's poor communication and lack of stop announcements or service updates on the 7:30pm London-Glasgow train, and pass the feedback to the appropriate team for review.",y,"The customer is making a specific complaint about staff conduct and service quality, so the incident should be reviewed by the relevant team."
132,"Hi @VirginTrains I’ve got a seat reservation on 1657 EUS-LAN, will it be upheld or is it not worth my while? #MiltonKeynesCentral","@257081 Hi Claire, seat reservations should be in place unless announced otherwise onboard by the Train Manager ^HP",seat_reservation,Provide guidance about seat reservations or investigate the seating issue.,n,
133,@VirginTrains  https://t.co/iFYhyCRqar,@651413 Alright ah kid. ^PA,other,The message does not provide enough information for a specific support intent; request clarification.,y,The message is too short or ambiguous to determine the customer's request.
134,"@VirginTrains Of course! No replies to letters, no refund! Abysmal customer service!",@508348 Are there any reference numbers attached to any of your correspondence? ^LC,refund_compensation,"Check the customer's previous correspondence and refund case using any available reference numbers, then provide an update on the outstanding refund and next steps.",y,"The customer reports an unresolved refund and unanswered correspondence, so the specific case needs to be investigated by a human support team."
135,Does anyone know where the 5:40 from Glasgow is? Apparently @VirginTrains have lost it,@382089 It was briefly delayed by a naughty freight train but its on its way now ^JH,train_status,Provide the current status of the 5:40 train from Glasgow and explain any delay or disruption affecting its service.,n,
136,"@VirginTrains can you advise on progress for refund VT-130917-0277? Promised refund on 25/9, still waiting + asked another Q, no reply since","@321139 1/2 Hi Graham, I'll escalate this with our Customer Resolutions team for you, as it looks like they're yet to respond to your",refund_compensation,"Check the status of refund VT-130917-0277, confirm why the promised refund has not been received, and provide an update on the customer's unanswered question.",y,"The refund is overdue and the customer has already received no response to follow-up correspondence, so the specific case needs investigation by Customer Resolutions."
137,"@307399 Hi Phillip, looks like option is missing. @VirginTrains is this correct? Off peak restrictions are shown as between 04:29 -08:30 ^LH","@242596 @307399 1/2 Hi guys, this is a bit of an odd one, we can see a Peak service and an Off-Peak service in Journey Planner for this",fare_price,Explain the applicable peak and off-peak restrictions and clarify why the expected off-peak option is missing from the Journey Planner.,n,
138,@VirginTrains Thanks which coaches are unreserved @VirginTrains,@409518 Please drop us a message tomorrow as we'll be able to check this for you then :) Thanks ^HP,seat_reservation,Provide guidance about seat reservations or investigate the seating issue.,n,
139,"@VirginTrains I got off at Birmingham International and they didn’t check my tickets by then. The train was packed when I got off, so all those people on there will have their tickets checked? I doubt it.","@351367 It is the train managers discretion, if the train is full and standing, they may not be able to make their way through the train. Hence why we have introduced ticket barriers at most of our stations. ^BT",booking_ticket,"Provide guidance about booking, tickets, or ticket validity.",n,
140,@VirginTrains Nobody seems to know about “endorsing”. Cleaner suggests trying Virgin 1st class lounge. Buck swiftly passed to Network Rail reception.,@716271 If you're travelling with a through ticket that includes a connection then staff would endorse/validate this ^CB,booking_ticket,"Explain when a through ticket with a connection can be endorsed or validated by staff, and clarify the customer's ticket situation.",n,
141,@VirginTrains help!! booked some tickets on an old bank card... which i lost and the machine wont let me collect them with my new card🙃,@369260 If you DM us we can have a look at the booking for you and help. ^PA,booking_ticket,"Provide guidance about booking, tickets, or ticket validity.",n,
142,@VirginTrains Tickets didn't fully print out at Euston. Told by staff I left it in machine. Bought a new single to Liverpool for £159. Was an hour late for a meeting. Now received a generic email from your customer support. How can I get a refund?,"@243215 Sorry to hear this Jun, were you looking to claim for a delay? ^HP",refund_compensation,"Review the customer's ticket-printing issue and the £159 replacement ticket purchase, then determine whether a refund or compensation is due and provide the appropriate next steps.",y,The customer paid £159 for a replacement ticket because the original ticket did not print and also arrived late for a meeting. This specific refund/compensation case requires human review.
143,@VirginTrains I see you have cancelled the 11:57 Crewe to Glasgow central. What happens to reserved seat I have if I have to get later train,@494375 2/2 service I'm afraid but you can claim compensation for this here: https://t.co/iaC1l55bsg ^HP,seat_reservation,Provide guidance about seat reservations or investigate the seating issue.,y,The issue may require case-specific or current operational investigation.
144,@VirginTrains going to miss my prebooked 0655 Euston to Manchester due to cancellations in essex. Can I transfer my ticket?,"@617622 Yes, speak to station staff and we can arrange that ^BH",ticket_change,Advise the customer to speak with station staff to arrange transfer of the prebooked ticket to a suitable later service because of the cancellation disruption.,n,
145,@virgintrains are they any plans to improve your Wi-fi it’s about as much use as mesh umbrella,@269621 Are you struggling with connection today? ^LC,wifi_connectivity,Provide Wi-Fi information or troubleshooting guidance.,n,
146,@VirginTrains can you introduce a free cancellation in the first 10 mins of booking. Picked wrong date and it’s cost me £10 :(,@429046 Hi Andrew. How did you look to change this ticket? ^BT,ticket_change,"Explain the appropriate ticket amendment, cancellation, or ticket-validity process.",n,
147,"@VirginTrains expecting a full refund for me and my friends' travel today. Compensation for missing #MCIARS, too. Thanks in advance",@185215 2/2 online form here: https://t.co/MdU8AgYL9l ^HP,refund_compensation,Explain the applicable refund or compensation process and relevant next steps.,n,
148,"@VirginTrains Seriously, my wife just drove to the pickup area in Weston Carpark Crewe and despite a 20 minute free wait and only being there 9 minutes it’s charged us £12?! WTF?",@138495 Have you spoken to staff at the station regarding this? ^PA,other,Review the £12 car-park pickup charge at Crewe and determine why the customer was charged despite being there for only 9 minutes during the stated free waiting period.,y,"The customer is disputing a specific station car-park charge, so the circumstances and transaction need to be investigated by a human support team."
149,@VirginTrains just bought wifi on a west coast service from Bham to Glasgow and it doesn't work can u sort it out or refund me,@506847 Can you get connected via https://t.co/1JEOSVPtGN  ? ^MM,wifi_connectivity,Provide Wi-Fi information or troubleshooting guidance.,n,
150,@VirginTrains @415748  https://t.co/mcCFRhizt2,@415749 @415748 🐲 ^MW,other,The message does not provide enough information for a specific support intent; request clarification.,y,The message is too short or ambiguous to determine the customer's request.
151,@VirginTrains 2334671988,@641717 2/2 contact our Aftersales team on 0344 556 5650 they should be able to resend this through to your device for you ^HP,other,The message does not provide enough information for a specific support intent; request clarification.,y,The message is too short or ambiguous to determine the customer's request.
152,@VirginTrains Hi. When will Adavanced tickets for 29th Dec London - Preston go on sale please? I thought they should be but not showing. Ta,@364801 On the 23rdOctober they should be available. ^PA,fare_price,Explain when Advance tickets for the 29th December London to Preston journey are expected to be released for sale and why they may not yet be showing.,n,
153,"@VirginTrains All it said in the online process was I'd need to send them back, &amp; I'd be contacted later about it, but I haven't heard anything","@232782 Oh ok, just send them back to here, Ruth:
Virgin Trains Refunds
PO Box 23972
Edinburgh
EH3 5DA

^MW",refund_compensation,"Confirm the required refund-return process, check whether the returned documents have been received or processed, and provide an update on the outstanding refund.",y,"The customer has followed the refund process but has not received the expected follow-up, so the status of the individual refund needs to be checked."
154,@VirginTrains no food or drink in first class on the 17:40 Euston to Manchester. Any chance of a partial refund or a free upgrade on a future service?,"@233451 You can claim compensation here, Lee - https://t.co/lLPEm8KjXJ ^MW",refund_compensation,Explain the applicable refund or compensation process and relevant next steps.,n,
155,@VirginTrains 30 minute phone call to change date on train ticket? This is madness,"@403816 Sorry to hear that, have you called 0344 556 5650, Mel? ^MW",ticket_change,Provide guidance on changing the date of the train ticket and the appropriate support channel for handling the amendment.,n,
156,@VirginTrains You need to get a bit of Christmas spirit... take a trip to Penrith station soon... we'll get you in the mood! Just remember dress up warm I swear I saw some snow before!,"@129870 We may just do that, Emma :) ^MM",other,Acknowledge the customer's friendly comment without treating it as a support request.,n,
157,"@VirginTrains beautiful service from preston to mcr airport: 11:47 dept, still waiting to leave due to a missing driver... awful",@695002 That's a @121516 service. If you contact them they may be able to advise ^CB,train_status,"Provide the current status of the 11:47 Preston to Manchester Airport service, explain the cause of the delay, and advise on the expected departure or alternative options.",y,"The customer is experiencing an active service disruption caused by a missing driver, so current operational information or intervention is required."
158,@VirginTrains So no sockets on a normal seat? That's a little disappointing... Oh well better switch off my phone,"@723000 Not on our Pendolino services unfortunately, apologies ^HP",other,"Explain that standard seats on the relevant Pendolino service do not have power sockets, and acknowledge the customer's concern.",n,
159,@VirginTrains can I use my ticket to Manchester tonight on the Preston train instead? #delays,"@407636 Where are you travelling from, Sarah? ^MM",booking_ticket,"Confirm whether the customer's existing ticket to Manchester can be used on the Preston train instead because of the current delays, and explain any applicable ticket-validity conditions.",n,
160,@VirginTrains 9:25 Litchfield Trent valley to London Euston,@493943 We don't know for sure how long it be sorry. ^PA,other,The message does not provide enough information for a specific support intent; request clarification.,n,
161,@LondonMidland  Hi the £6.90 day ranger allow a trip to Coventry ? Been refused at barrier by @VirginTrains staff. They were rude and forced me to buy a ticket I believe didn't need. Thanks https://t.co/isZBAMEgfL,@742395 @LondonMidland Where were you travelling between and where did the staff speak to you? ^PA,booking_ticket,"Check whether the £6.90 Day Ranger ticket was valid for the customer's journey to Coventry, review why they were refused at the barrier and required to purchase another ticket, and address the reported staff conduct.",y,"The customer disputes a ticket-validity decision, reports being forced to make an additional purchase, and alleges rude treatment by staff. The specific journey and staff interaction require human investigation."
162,Hi @VirginTrains someone left their 1stclass ticket for the train I’m now on in the machine. Being a top bloke I fought off the idea of using it instead of my own cheap ticket and handed it in. Does Virgin reward this kind of Good Samaritan work with free upgrades on said train?,"@124070 Hi Dom, I'm afraid not, but life isn't about rewards, it's about knowing you did the right thing and you did :). ^PA",other,Acknowledge the customer's gesture and explain that Virgin does not provide a free upgrade or reward for handing in another passenger's ticket.,n,
163,@VirginTrains They're irritating. Feels kind of intrusive to be talked at in the toilet. Probably very worrying for someone who doesn't speak English...,@654244 It's all a bit of fun and tongue in cheek. ^PA,other,The message does not provide enough information for a specific support intent; request clarification.,n,
164,"@VirginTrains - We are not doing toast today as we are short staffed? Not impressed, expect a letter after the price you charge!! It’s not the passengers’ fault, breakfast with no toast indeed!!",@478620 So sorry to hear this Craig. What service were you travelling on today? ^BT,complaint_feedback,"Acknowledge the complaint about the missing breakfast service and staff shortage, ask which service the customer was travelling on, and provide the appropriate feedback or complaint route.",n,
165,You’ve gotta hand it to them the staff at Euston station have been incredible!! Can’t fault them @VirginTrains,"@331039 Great to hear Emma, thanks for your feedback ^HP",other,Thank the customer for the positive feedback about the Euston station staff.,n,
166,@VirginTrains I've got an first class open return but am not going to make the train I've got a seat reserved on how can I reserve a seat on a later Train?,"@688952 It depends when the later service is, what sort of time are you looking at? ^PA",seat_reservation,Provide guidance about seat reservations or investigate the seating issue.,n,
167,@VirginTrains hello! There has been a crash on the M56 and I’m stuck in traffic. Got an advance ticket for the 19h15 from Man Picc... is there anything that can be done to help me get on a later train please? https://t.co/zc6AptRzhO,@626969 2/2 speaking to our station staff upon arrival to see if there's anything they can do to help get you on the next service ^HP,ticket_change,Advise the customer to speak with station staff on arrival to see whether their Advance ticket can be transferred or accepted on a later service because they are delayed by traffic.,n,
168,@VirginTrains what a joke! Pre booked first class tickets but you take a carriage out and our seats don’t exist. Standing down to London from Newark to Kings Cross 12.58. Staff didn’t have a clue what was going on. Terrible,@627827 We'll loop in the @120576 team as they operate that service ^CB,seat_reservation,"Check the customer's First Class reservation and the removed carriage, then arrange appropriate seating or compensation and address the service disruption.",y,"The customer's reserved seats no longer exist because a carriage was removed, and they are currently standing during the journey. This active service and reservation issue requires human intervention."
169,"@VirginTrains @120872 my daughter will she's the one who lost a days pay,plus the cost of her original first class ticket, plus extra ticket from here to Euston",@512782 @120872 Please pass on this link to make a formal complaint https://t.co/t20Ubz6dJV ^JH,complaint_feedback,"Acknowledge the customer's complaint about the lost wages and additional ticket costs, and direct the case through the formal complaint process for investigation and resolution.",y,"The customer reports significant financial loss connected to the journey, including an original First Class ticket and an additional ticket. The case requires formal investigation."
170,"@VirginTrains Hi, your delayrepay online form isn't working you can't enter a date...?","@311466 Have you tried from another device, Sara? ^MM",refund_compensation,Explain the applicable refund or compensation process and relevant next steps.,n,
171,"@VirginTrains paid for WiFi on my train but didn’t receive a code, can you help? 🙂","@323854 Hi Jonny, apologies about that. Of course, could you drop us a DM please? Thanks ^HP",wifi_connectivity,Provide Wi-Fi information or troubleshooting guidance.,n,
172,"@VirginTrains Tried to catch last train last night, activated ticket to speed up getting through, missed it. Booked a hotel. Told I’d have to buy another",@365839 Did you purchase another ticket Mark? ^BT,booking_ticket,"Provide guidance about booking, tickets, or ticket validity.",y,The issue may require case-specific or current operational investigation.
173,@VirginTrains Do you think trains will be running tomorrow morning or will the trains still be stranded??,@128505 It is too soon to make this an assessment sadly Nic ^JH,train_status,Provide the latest information available about whether trains are expected to run tomorrow morning and explain that service status may depend on the ongoing disruption.,y,"The customer is asking about future train operations during an ongoing disruption, so current operational information is needed to give a reliable answer."
174,"@VirginTrains Think you missing the point - where are the staff, why is there no comms, why only police visible? Why didn’t you ensure station facilities stayed open?","@272610 Our teams may be assisting other passengers at this time, Isobel ^MW",station_facilities,Provide information about the relevant station facility or service.,y,"Potential safety, conduct, or serious customer-service issue requiring human review."
175,Nothing I enjoy more than 2 hours stood up on a train journey I paid £83 for @VirginTrains #affordabletravel #londoncommute,"@320849 Not great to hear, Jessica, did you originally have a seat reservation for this service? ^HP",seat_reservation,Check whether the customer had a seat reservation for the service and investigate why they had to stand for the journey despite paying for their ticket.,y,"The customer reports an active seating problem during a paid journey and may have been unable to use a reserved seat, so the specific situation requires human review."
176,@VirginTrains I don’t know why ticket acceptance wasn’t used in this case but the ticket officer told me to buy it and contact you later for a refund,@398615 Which station was this advised at? ^HP,refund_compensation,"Check why the customer's original ticket was not accepted, identify the station where they were told to purchase another ticket, and review their eligibility for a refund of the additional ticket.",y,"The customer was instructed to buy another ticket because their original ticket was not accepted, so the specific ticket-validity decision and refund require human investigation."
177,@VirginTrains ?? Any answer on this pls? Still delayed at Leeds (45 mins late) think 19:15 is my only option.,@287382 You will be able to board the next available service from Manchester as you have an off peak single ticket. ^BT,train_status,"Provide current train status, disruption information, or appropriate alternative travel guidance.",n,
178,@VirginTrains Thanks HP,"@510729 No problem, Julie, please let us know if you need any further information at all ^HP",other,Acknowledge the customer's thanks and close the conversation politely.,n,
179,@VirginTrains hi - what’s the situation with delayed services from Euston To MK and can I get a ticket refund and swap for London Midland whizz aren’t delayed ?? Ta,@140478 Which service were you due to catch? What ticket do you have? ^BT,train_status,"Provide the current status of delayed Euston to Milton Keynes services and advise whether the customer's ticket can be used on a London Midland service instead, including any refund or ticket-change implications.",y,"The customer is dealing with an active service disruption and needs a ticket-validity decision for an alternative operator, which requires current and case-specific guidance."
180,@VirginTrains absolutely disgusted your not replying to me why I’m sat on the floor of one of your overcrowded trains after iv spent £88,"@702792 We did reply to your earlier tweets, Matty ^MW",complaint_feedback,"Acknowledge the customer's complaint about the overcrowded train and lack of seating, review the £88 journey and previous contact, and provide an appropriate response or complaint route.",y,"The customer reports an unacceptable active journey condition, significant overcrowding, and an unresolved support interaction. The specific case should be reviewed by a human team."
181,@VirginTrains #ThatFridayFeeling https://t.co/OKUfb8avAD,"@689507 Yes Callum, love it! ^MW",other,Acknowledge the customer's casual Friday message in a friendly way.,n,
182,@124107 many thanks to Derek the Duty Manager at Glasgow Central this morning and Michelle @VirginTrains for sorting out my onward travel after the disruption caused at Dunlop this morning. They dealt admirable with my dismay at missing my connection.,"@147624 @124107 Great to hear how they could both hope out this morning, Ann ^CB",other,Thank the customer for the positive feedback about Derek and Michelle helping with onward travel after the disruption.,n,
183,"@VirginTrains I paid money for your WiFi and only managed to load one email in half an hour, can I have a refund please?","@467552 Really sorry you had issues with the onboard Wi-Fi, Frances. You can claim a refund by contacting __email__",wifi_connectivity,Review the customer's paid Wi-Fi purchase and provide the appropriate refund process or confirm eligibility for a refund due to the severe connectivity problem.,y,"The customer paid specifically for the Wi-Fi service and is requesting a refund after receiving very poor service, so the individual purchase/refund should be reviewed."
184,@VirginTrains is there going to be a 1935 Chester to London or not? And what time?,@436102 2/2 announcements once we have more info ^HP,train_status,"Provide the latest information about whether the 19:35 Chester to London service will run and, if confirmed, its expected departure time.",y,"The customer is asking about a specific service whose operation is currently uncertain, so current operational information is required."
185,"@VirginTrains We are at Euston only on a day trip, due to return at 15:00, we have first class tickets just for today...",@384056 At this stage tickets for today can only be used on services today ^CB,booking_ticket,"Provide guidance about booking, tickets, or ticket validity.",n,
186,"@VirginTrains You were offering the same £99  advanced family ticket, I just needed to change date because of a hospital appt","@173426 I see, did the team explain the £80 charge to you at all? ^HP",ticket_change,"Explain the process and applicable charge for changing the date of the £99 Advance family ticket, including why an £80 amendment charge may apply.",n,
187,"@VirginTrains Great, thanks",@245770 No problem :) ^HP,other,Acknowledge the customer's thanks and close the conversation politely.,n,
188,@VirginTrains @764611 If you book directly with Virgin. They normally refund this automatically,@764610 @764611 There is a certain criteria to be met for automatic delay repay. ^BT,refund_compensation,Explain the applicable refund or compensation process and relevant next steps.,n,
189,@VirginTrains It's an advance,"@328999 1/2 Thanks for confirming. I'm afraid Advance tickets are only valid from/to the booked stations on the ticket, so you wouldn't be",booking_ticket,"Clarify the validity conditions for the customer's Advance ticket, including whether it can be used for the requested stations or journey.",n,
190,@VirginTrains thank you to the staff member in Birmingham New Street booking office. Late train coming in caused me to miss connection. Put on next and upgraded,@132643 Great to hear Mark! Glad the staff at New Street could help. ^BT,other,Thank the customer for the positive feedback about the Birmingham New Street staff helping with the missed connection and upgrade.,n,
191,@VirginTrains are you declassifying the 18.00 birmingham to london. I had a seat on at 1740 which you cancelled and now the 1800 is so full there aisles are full whilst 1st class is empty!,@697287 The Train Manager will announce en route if that happens ^MW,seat_reservation,Provide guidance about seat reservations or investigate the seating issue.,y,The issue may require case-specific or current operational investigation.
192,@VirginTrains VTN 171005BPCH,"@628028 Thanks Marcus, this is a @120576 reference number, so we'll pass this over to the team for you ^HP",other,The message does not provide enough information for a specific support intent; request clarification.,y,The message is too short or ambiguous to determine the customer's request.
193,"@VirginTrains Hello, no food or drink service in 1st class on the 14.47 from Liverpool. Bolshy crew too. Will we be refunded automatically?",@406020 This can be escalated further with Customer Relations via the online complaints link - https://t.co/yhhJr1rzWg ^MM,refund_compensation,"Review the customer's First Class service complaint and determine whether they are eligible for an automatic refund or other compensation, then provide the appropriate Customer Relations process.",y,"The customer reports missing First Class services and poor crew behaviour, and the historical response directs the matter to Customer Relations for escalation."
194,@VirginTrains Tickets accepted on chiltern?,"@498594 Yes, Matt ^MM",booking_ticket,"Provide guidance about booking, tickets, or ticket validity.",n,
195,"@VirginTrains I have made a complaint. Iit seems ridiculous that for a delayed train the compensation is automatic but for a completely cancelled one (which is WAY more inconvenient) there is nothing... delay = payment back in your bank within 3 days cancelled = min 7 day wait, more like 28?!",@816444 The system requires the train to hit trigger points on the network that confirm the train's performance. If the service is cancelled unfortunately this isn't possible ^CB,refund_compensation,Explain the applicable refund or compensation process and relevant next steps.,y,The issue may require case-specific or current operational investigation.
196,@VirginTrains @424125 I paid a fiver for piss poor wifi that kept dropping out. Who do i complain to for a refund?,@424124 @424125 Again it would be the number provided on the last tweet. Sorry to hear of your experience with thw WiFi. ^BT,wifi_connectivity,Provide the appropriate contact or refund process for the customer's paid Wi-Fi service and review their eligibility for a refund due to repeated connection failures.,y,"The customer paid for the Wi-Fi service and is requesting a refund after poor service, so the individual purchase and refund request should be handled through the appropriate support process."
197,@VirginTrains Did she not. Here is yours ^MM feeling better now?,@132563  https://t.co/wKD6qz5kuK,other,The message does not provide enough information for a specific support intent; request clarification.,n,
198,@VirginTrains yes but it’s the fact that OTHER staff at OTHER stations HELPED. Staff at Crewe this morning. Did not. What if I had fallen?,@345096 2/2 dispatching duties. This is why we have a dedicated team to deal with this ^MM,complaint_feedback,"Acknowledge the customer's complaint about staff assistance at Crewe and the potential safety concern, and pass the incident to the appropriate team for investigation.",y,The customer reports that staff failed to assist in a situation where they believed they could have fallen. The potential safety issue and staff conduct require human review.
199,@VirginTrains Booked in advance. Seat reserved. Off peak single (online),"@660847 As this is an Off peak single you would need to claim for this delay Kat, you can do so here https://t.co/lLmpeuOV1N ^BT",seat_reservation,Provide guidance about seat reservations or investigate the seating issue.,n,
200,@VirginTrains Thanks for that. Can I change my tickets to the morning given the delays?,@433244 Your tickets will be accepted tomorrow Sean.  Sorry about the delays today. ^BT,ticket_change,"Confirm that the customer's tickets can be used on the morning service tomorrow because of the delays, and explain any applicable ticket-change or validity conditions.",n,
